{"cameraMode":{"drawMode":0,"name":"Shaded","section":"Shading Mode"},"sceneLighting":true,"audioPlay":false,"sceneViewState":{"m_AlwaysRefresh":false,"showFog":true,"showSkybox":true,"showFlares":true,"showImageEffects":true,"showParticleSystems":true,"showVisualEffectGraphs":true,"m_FxEnabled":true},"in2DMode":false,"pivot":{"x":-107.85176086425781,"y":-10.626764297485352,"z":16.570796966552736},"rotation":{"x":0.05823922157287598,"y":-0.9346216917037964,"z":0.18110017478466035,"w":0.30052945017814639},"size":93.90411376953125,"orthographic":false}