{"cameraMode":{"drawMode":0,"name":"Shaded","section":"Shading Mode"},"sceneLighting":true,"audioPlay":false,"sceneViewState":{"m_AlwaysRefresh":false,"showFog":true,"showSkybox":true,"showFlares":true,"showImageEffects":true,"showParticleSystems":true,"showVisualEffectGraphs":true,"m_FxEnabled":true},"in2DMode":false,"pivot":{"x":-0.10779491811990738,"y":4.353785037994385,"z":-0.048577070236206058},"rotation":{"x":0.1492493897676468,"y":0.6828047037124634,"z":-0.1455346792936325,"w":0.7002345323562622},"size":5.619027614593506,"orthographic":true}