{"cameraMode":{"drawMode":0,"name":"Shaded","section":"Shading Mode"},"sceneLighting":true,"audioPlay":false,"sceneViewState":{"m_AlwaysRefresh":false,"showFog":true,"showSkybox":true,"showFlares":true,"showImageEffects":true,"showParticleSystems":true,"showVisualEffectGraphs":true,"m_FxEnabled":true},"in2DMode":false,"pivot":{"x":0.06999993324279785,"y":0.17000001668930055,"z":39.31999969482422},"rotation":{"x":0.16916847229003907,"y":0.7067804336547852,"z":-0.1803937405347824,"w":0.6627995371818543},"size":3.178925037384033,"orthographic":false}